{"cameraMode":{"drawMode":0,"name":"Shaded","section":"Shading Mode"},"sceneLighting":false,"audioPlay":false,"sceneViewState":{"m_AlwaysRefresh":false,"showFog":true,"showSkybox":false,"showFlares":true,"showImageEffects":true,"showParticleSystems":true,"showVisualEffectGraphs":true,"m_FxEnabled":true},"in2DMode":false,"pivot":{"x":680.1592407226563,"y":2.8747754096984865,"z":-670.2055053710938},"rotation":{"x":0.016398441046476365,"y":0.9774460792541504,"z":-0.10937336832284928,"w":0.18205730617046357},"size":4.324481964111328,"orthographic":false}